domain,ok,fail,rate,last
pic.rmb.bdstatic.com,2,0,100%,2026-05-10T07:00:53.293808Z
thumbs.dreamstime.com,3,0,100%,2026-05-10T13:23:06.003226Z
m.media-amazon.com,1,0,100%,2026-05-10T13:22:42.724893Z
c8.alamy.com,2,0,100%,2026-05-10T13:23:06.131106Z
pica.zhimg.com,2,0,100%,2026-05-10T13:22:57.092944Z
pic3.zhimg.com,2,0,100%,2026-05-10T13:22:57.141109Z
pic1.zhimg.com,1,0,100%,2026-05-10T13:22:56.630021Z
picx.zhimg.com,1,0,100%,2026-05-10T13:22:56.979328Z
pic4.zhimg.com,1,0,100%,2026-05-10T13:22:57.029402Z
pic2.zhimg.com,2,0,100%,2026-05-10T13:22:57.316877Z
mmbiz.qpic.cn,10,0,100%,2026-05-10T13:38:49.817861Z
static.vecteezy.com,1,0,100%,2026-05-10T13:23:05.816313Z
thefloodhub.co.uk,1,0,100%,2026-05-10T13:23:11.714330Z
web.extension.illinois.edu,4,0,100%,2026-05-10T13:23:15.566326Z
edmonstonmd.gov,1,0,100%,2026-05-10T13:23:14.202322Z
pedspandemicnetwork.org,1,0,100%,2026-05-10T13:23:14.868664Z
dameasyfloodbarriers.com,1,0,100%,2026-05-10T13:23:16.552916Z
nicoletlaw.com,1,0,100%,2026-05-10T13:23:16.613213Z
imgs-qn.51miz.com,22,0,100%,2026-05-10T13:41:09.068534Z
bpic.51yuansu.com,4,0,100%,2026-05-10T13:38:48.961060Z
img.tukuppt.com,5,0,100%,2026-05-10T13:38:49.100074Z
bpic.588ku.com,8,0,100%,2026-05-10T13:41:07.709501Z
videoeu.cgtn.com,1,0,100%,2026-05-10T13:38:51.647509Z
preview.qiantucdn.com,4,0,100%,2026-05-10T13:41:07.866661Z
gips1.baidu.com,1,0,100%,2026-05-10T13:41:09.436396Z
gips3.baidu.com,1,0,100%,2026-05-10T13:41:10.113082Z
earthquake.usgs.gov,5,2,71%,2026-05-10T13:23:05.860249Z
httpbin.org,2,1,67%,2026-05-10T13:16:35.509994Z
dropinblog.net,1,1,50%,2026-05-10T13:23:16.500675Z
p3-pc-sign.douyinpic.com,2,2,50%,2026-05-10T13:41:08.996520Z
icon2.cleanpng.com,1,2,33%,2026-05-10T13:23:02.488825Z
zkres1.myzaker.com,0,1,0%,2026-05-10T07:00:59.149790Z
i.ytimg.com,0,1,0%,2026-05-10T13:22:47.319184Z
lookaside.fbsbx.com,0,1,0%,2026-05-10T13:23:10.221635Z
media.istockphoto.com,0,15,0%,2026-05-10T13:23:25.601617Z
kidshealth.org,0,3,0%,2026-05-10T13:23:19.209838Z
static-qn.51miz.com,0,1,0%,2026-05-10T13:41:08.651652Z
